Algorithm,Approach,RMSE,MAE,R2
Linear Regression,Pooled,13265.838516894737,7228.328120689914,0.830005088334174
SVR,Pooled,70978.49600525096,42371.906338085275,0.9903184536465541
XGBoost,Pooled,114814.25937318226,18005.51370848626,0.9746672229388259
Linear Regression,Panel,8047.626317740633,3104.890127181683,0.9374392259082013
SVR,Panel,68438.11996564313,40650.47994459301,0.9909990720512034
XGBoost,Panel,113809.75157571814,17905.087283936795,0.9751085558305312
