Algorithm,Approach,R2_Phase05,R2_Phase1,R2_Change,Change_%
Linear Regression,Pooled,0.830005088334174,0.8044469440065594,-0.025558144327614607,-3.08
SVR,Pooled,0.990318453646554,0.6263883822211206,-0.36393007142543343,-36.75
XGBoost,Pooled,0.974667222938826,0.7366567581716179,-0.2380104647672081,-24.42
Linear Regression,Panel,0.9374392259082012,0.8973833259687931,-0.04005589993940806,-4.27
SVR,Panel,0.9909990720512034,0.6222031712498988,-0.36879590080130464,-37.21
XGBoost,Panel,0.9751085558305312,0.7415181531935299,-0.23359040263700137,-23.96
