Algorithm,Approach,RMSE,MAE,R2
Linear Regression,Pooled,15782.608387979473,7251.793282043589,0.8044469440065594
SVR,Pooled,488419.7011296612,89979.74770992895,0.6263883822211206
XGBoost,Pooled,410056.8545883068,47445.22436284479,0.7366567581716179
Linear Regression,Panel,11432.874707908308,4312.543540181585,0.8973833259687931
SVR,Panel,491147.7301904029,87827.63607800912,0.6222031712498988
XGBoost,Panel,406254.33784234646,45936.61431347715,0.7415181531935299
