Algorithm,Approach,RMSE,MAE,R2
Linear Regression,Pooled,15782.608387979475,7251.793282043595,0.8044469440065594
SVR,Pooled,488419.70112966123,89979.74770992901,0.6263883822211205
XGBoost,Pooled,410056.8545883068,47445.22436284479,0.7366567581716179
Linear Regression,Panel,5391.759193168883,2994.810754735519,0.9771772474720426
SVR,Panel,466989.4412182044,72978.20059323029,0.6584548302740147
XGBoost,Panel,406067.06269016763,41364.071684354894,0.741756408223961
