Algorithm,Approach,RMSE,MAE,R2
Linear Regression,Pooled,13265.838516894737,7228.328120689914,0.830005088334174
SVR,Pooled,63862.009883789324,38592.43035524542,0.9921625224624483
XGBoost,Pooled,114814.25937318226,18005.51370848626,0.9746672229388259
Linear Regression,Panel,8395.327030530525,2521.9728960226307,0.9319165200263518
SVR,Panel,57945.44552174307,34422.716651165756,0.9935474740990338
XGBoost,Panel,105973.35406068433,14353.921523066454,0.9784183570216893
